iter	custom_wape	RMSE
0	0.7113613925	2.874173534
1	0.8259761859	3.595549566
2	0.8349603094	3.848741597
3	0.9735265394	5.31965701
4	0.7168166131	2.950601708
5	0.8357783409	3.776593038
6	0.8357739548	3.851449447
